<keymap version="1" name="Visual Studio 2022 (Migrated)" parent="Visual Studio 2022">
  <action id="ActivateStructureToolWindow">
    <keyboard-shortcut first-keystroke="ctrl alt t" />
    <keyboard-shortcut first-keystroke="ctrl alt f" />
  </action>
  <action id="ChangeSignature">
    <keyboard-shortcut first-keystroke="ctrl r" second-keystroke="v" />
    <keyboard-shortcut first-keystroke="ctrl r" second-keystroke="ctrl v" />
    <keyboard-shortcut first-keystroke="ctrl r" second-keystroke="o" />
    <keyboard-shortcut first-keystroke="ctrl r" second-keystroke="ctrl o" />
    <keyboard-shortcut first-keystroke="ctrl r" second-keystroke="ctrl s" />
    <keyboard-shortcut first-keystroke="ctrl r" second-keystroke="s" />
  </action>
  <action id="GotoBookmark0">
    <keyboard-shortcut first-keystroke="ctrl 0" />
  </action>
  <action id="GotoSymbol">
    <keyboard-shortcut first-keystroke="shift ctrl alt t" />
    <keyboard-shortcut first-keystroke="shift alt t" />
  </action>
  <action id="Inline">
    <keyboard-shortcut first-keystroke="ctrl r" second-keystroke="ctrl i" />
    <keyboard-shortcut first-keystroke="ctrl r" second-keystroke="i" />
  </action>
  <action id="IntroduceVariable">
    <keyboard-shortcut first-keystroke="ctrl r" second-keystroke="v" />
    <keyboard-shortcut first-keystroke="ctrl r" second-keystroke="ctrl v" />
  </action>
  <action id="Move">
    <keyboard-shortcut first-keystroke="ctrl r" second-keystroke="o" />
    <keyboard-shortcut first-keystroke="ctrl r" second-keystroke="ctrl o" />
  </action>
  <action id="MoveStatementDown">
    <keyboard-shortcut first-keystroke="shift ctrl alt down" />
    <keyboard-shortcut first-keystroke="shift ctrl alt j" />
  </action>
  <action id="MoveStatementUp">
    <keyboard-shortcut first-keystroke="shift ctrl alt up" />
    <keyboard-shortcut first-keystroke="shift ctrl alt k" />
  </action>
  <action id="RecentChangedFiles">
    <keyboard-shortcut first-keystroke="shift ctrl comma" />
  </action>
  <action id="RecentFiles">
    <keyboard-shortcut first-keystroke="ctrl comma" />
  </action>
  <action id="Unscramble">
    <keyboard-shortcut first-keystroke="ctrl e" second-keystroke="ctrl t" />
    <keyboard-shortcut first-keystroke="ctrl e" second-keystroke="t" />
  </action>
</keymap>