<application>
  <component name="ProjectManager">
    <defaultProject>
      <component name="Encoding" addBOMForNewFiles="with BOM under Windows, with no BOM otherwise" />
      <component name="PropertiesComponent"><![CDATA[{
  "keyToString": {
    "settings.editor.selected.configurable": "configurable.group.appearance"
  }
}]]></component>
      <component name="WindowStateProjectService">
        <state x="461" y="83" key="SettingsEditor" timestamp="1712628723520">
          <screen x="0" y="0" width="1920" height="1032" />
        </state>
        <state x="461" y="83" key="SettingsEditor/0.0.1920.1032/0.1080.1920.1032" timestamp="1712628723520" />
      </component>
    </defaultProject>
  </component>
</application>